v115@ShC8FeE8OeAgH	5040	5040	1.0000	TS
v115@ThC8FeE8NeAgH	5040	5040	1.0000	TS
v115@UhC8FeE8MeAgH	5040	5040	1.0000	TS
v115@BhB8GeB8HeA8HeC8OeAgH	5040	5040	1.0000	TS
v115@MhB8GeC8HeC8LeAgH	5040	5040	1.0000	TS
v115@VhC8FeE8LeAgH	5040	5040	1.0000	TS
v115@ShA8DeB8BeC8BeB8MeAgH	5040	5040	1.0000	TS
v115@9gA8IeB8HeC8GeB8ReAgH	5040	5040	1.0000	TS
v115@/gB8GeB8HeA8HeC8QeAgH	5040	5040	1.0000	TS
v115@XhC8FeE8JeAgH	5040	5040	1.0000	TS
v115@FhB8GeC8HeB8IeA8JeAgH	5040	5040	1.0000	TS
v115@ShC8FeE8OeAgH	5040	5040	1.0000	TZ
v115@UhC8FeE8MeAgH	5040	5040	1.0000	TZ
v115@VhC8FeE8LeAgH	5040	5040	1.0000	TZ
v115@KhB8HeC8FeC8OeAgH	5040	5040	1.0000	TZ
v115@WhC8FeE8KeAgH	5040	5040	1.0000	TZ
v115@ThB8DeA8DeB8BeC8JeAgH	5040	5040	1.0000	TZ
v115@XhC8FeE8JeAgH	5040	5040	1.0000	TZ
v115@DhB8IeB8IeA8HeC8JeAgH	5040	5040	1.0000	TZ
v115@BhB8IeB8IeA8HeC8LeAgH	5040	5040	1.0000	TZ
v115@GhA8HeB8GeC8HeB8JeAgH	5040	5040	1.0000	TZ
v115@ShD8EeB8BeB8NeAgH	5040	5040	1.0000	SZ
v115@ThD8EeB8BeB8MeAgH	5040	5040	1.0000	SZ
v115@ThB8BeB8EeD8MeAgH	5040	5040	1.0000	SZ
v115@VhD8EeB8BeB8KeAgH	5040	5040	1.0000	SZ
v115@OhA8GeD8GeC8KeAgH	5040	5040	1.0000	SZ
v115@PhA8GeD8GeC8JeAgH	5040	5040	1.0000	SZ
v115@IhA8HeD8FeC8QeAgH	5040	5040	1.0000	SZ
v115@WhD8EeB8BeB8JeAgH	5040	5040	1.0000	SZ
v115@JhA8HeD8FeC8PeAgH	5040	5040	1.0000	SZ
v115@BhB8GeB8GeB8IeB8OeAgH	5040	5040	1.0000	SZ
v115@BhB8GeB8IeB8IeB8MeAgH	5040	5040	1.0000	SZ
v115@AhB8GeB8IeB8IeB8NeAgH	5040	5040	1.0000	SZ
v115@BhB8IeB8GeB8GeB8OeAgH	5040	5040	1.0000	SZ
v115@AhB8IeB8GeB8GeB8PeAgH	5040	5040	1.0000	SZ
v115@AhB8IeB8IeB8GeB8NeAgH	5040	5040	1.0000	SZ
v115@BhB8IeB8IeB8GeB8MeAgH	5040	5040	1.0000	SZ
v115@ChB8GeB8GeB8IeB8NeAgH	5040	5040	1.0000	SZ
v115@ChB8GeB8IeB8IeB8LeAgH	5040	5040	1.0000	SZ
v115@ChB8IeB8GeB8GeB8NeAgH	5040	5040	1.0000	SZ
